Bigrams, Inverted Index 
In, 1, 7, 28, 50, 52, 64, 65, 69, 146, 167, 169, 186, 223, 246, 248, 261, 266, 267, 271, 281, 287, 296, 306, 313, 315, 326, 328, 337, 358, 384, 396, 452, 486, 563, 644, 671, 698, 706, 721, 804, 812, 835, 848, 866, 881, 922, 927, 931, 951, 974, 984, 1004, 1007 
nd, 1, 7, 21, 27, 28, 38, 50, 52, 57, 59, 63, 64, 65, 69, 80, 134, 146, 162, 167, 168, 169, 186, 195, 212, 214, 220, 223, 246, 248, 253, 257, 261, 266, 267, 271, 278, 281, 287, 296, 306, 307, 308, 309, 313, 315, 326, 328, 337, 355, 358, 384, 396, 398, 432, 452, 467, 486, 490, 508, 536, 563, 633, 644, 645, 671, 675, 688, 698, 706, 721, 726, 734, 742, 750, 762, 764, 771, 804, 807, 812, 835, 836, 848, 853, 859, 866, 881, 885, 922, 927, 931, 951, 974, 984, 987, 1004, 1007 
di, 1, 7, 28, 50, 52, 56, 65, 111, 120, 122, 146, 167, 169, 186, 214, 220, 223, 240, 246, 266, 281, 287, 294, 296, 306, 313, 315, 326, 328, 337, 358, 360, 396, 438, 467, 486, 490, 504, 506, 531, 563, 576, 608, 644, 651, 653, 671, 698, 701, 706, 708, 716, 784, 793, 804, 812, 835, 848, 861, 866, 881, 893, 912, 922, 927, 930, 931, 951, 962, 979, 984, 987, 993, 994, 1004, 1007 
ia, 1, 7, 14, 28, 31, 50, 52, 64, 65, 79, 83, 110, 114, 115, 146, 167, 169, 186, 195, 223, 227, 246, 251, 266, 281, 282, 287, 289, 296, 306, 311, 313, 315, 326, 328, 337, 345, 358, 391, 396, 431, 435, 445, 486, 551, 563, 570, 614, 642, 644, 647, 671, 698, 706, 804, 812, 835, 846, 848, 861, 864, 866, 875, 877, 881, 892, 908, 922, 927, 931, 951, 956, 984, 1004, 1007 
a, 1, 7, 10, 14, 18, 32, 43, 52, 55, 64, 99, 100, 110, 112, 131, 146, 161, 167, 186, 223, 246, 281, 293, 306, 313, 315, 326, 328, 337, 345, 361, 364, 391, 396, 402, 403, 486, 543, 547, 548, 558, 563, 582, 613, 620, 629, 642, 644, 658, 717, 729, 737, 804, 835, 846, 861, 864, 865, 908, 922, 927, 951, 956, 984, 988, 1004 
IS, 2, 8 
SO, 2, 8 
O, 2, 8 
Bh, 3, 9, 45, 274, 275, 293, 361 
hā, 3, 9, 275 
ār, 3, 9, 275 
ra, 3, 9, 25, 31, 84, 112, 131, 217, 224, 233, 269, 272, 274, 275, 293, 294, 350, 365, 375, 376, 382, 402, 403, 412, 415, 416, 422, 450, 454, 461, 499, 503, 504, 543, 549, 559, 576, 599, 622, 631, 635, 666, 678, 695, 715, 768, 776, 784, 872, 883, 891, 899, 906, 925, 946, 955, 960, 966, 979, 988, 990, 993 
at, 3, 9, 71, 79, 84, 96, 102, 128, 154, 157, 160, 161, 204, 209, 222, 230, 244, 249, 260, 269, 274, 275, 289, 290, 293, 304, 346, 368, 386, 409, 431, 454, 460, 470, 475, 484, 490, 495, 501, 505, 513, 520, 527, 549, 570, 585, 599, 614, 622, 647, 653, 660, 661, 666, 667, 670, 678, 689, 695, 702, 725, 728, 733, 736, 741, 744, 758, 778, 800, 803, 817, 820, 838, 877, 883, 905, 917, 918, 933, 940, 943, 949, 952, 960, 972, 978, 998 
t, 3, 9, 16, 33, 36, 41, 46, 49, 66, 77, 88, 109, 142, 145, 154, 155, 164, 173, 177, 182, 189, 213, 254, 255, 263, 274, 275, 277, 297, 336, 340, 353, 359, 373, 387, 421, 429, 437, 455, 457, 503, 536, 590, 592, 598, 610, 619, 639, 641, 679, 682, 694, 704, 797, 808, 811, 820, 836, 843, 845, 855, 874, 884, 896, 900, 914, 929, 935, 936, 939, 954, 970 
al, 4, 35, 44, 56, 70, 83, 95, 111, 137, 154, 174, 195, 200, 203, 206, 210, 224, 233, 234, 238, 254, 258, 259, 272, 282, 291, 294, 316, 371, 376, 381, 382, 385, 404, 423, 436, 446, 450, 476, 483, 493, 512, 551, 559, 567, 571, 577, 625, 647, 680, 683, 693, 708, 713, 715, 729, 737, 739, 740, 745, 768, 776, 784, 792, 798, 813, 815, 822, 850, 864, 891, 898, 913, 955, 981 
ls, 4, 238, 316, 371, 446, 625, 944 
so, 4, 30, 33, 36, 79, 96, 129, 237, 238, 278, 309, 431, 446, 520, 551, 595, 628, 727, 732, 743, 747, 754, 781, 869, 880, 962, 1008 
o, 4, 238, 348, 400, 401, 446, 452, 534, 721, 974 
kn, 5, 341, 524, 605 
no, 5, 46, 125, 133, 163, 164, 170, 174, 184, 192, 276, 325, 335, 341, 456, 467, 517, 524, 530, 601, 605, 700, 777, 783, 825, 837, 893, 909, 937, 977, 987, 997 
ow, 5, 75, 152, 179, 181, 190, 197, 211, 341, 524, 550, 605, 685, 696, 775, 791, 829 
wn, 5, 152, 341, 524, 605, 829 
n, 5, 19, 28, 29, 31, 40, 45, 50, 51, 57, 65, 68, 71, 81, 84, 121, 152, 169, 202, 203, 231, 251, 260, 278, 280, 287, 290, 296, 307, 308, 309, 311, 323, 325, 327, 335, 341, 342, 351, 358, 368, 372, 381, 386, 388, 394, 395, 404, 409, 413, 425, 441, 444, 453, 454, 474, 484, 487, 501, 516, 518, 524, 527, 530, 566, 570, 587, 603, 605, 614, 628, 637, 649, 653, 654, 663, 666, 667, 671, 677, 681, 691, 698, 706, 723, 731, 748, 766, 779, 783, 790, 809, 812, 832, 838, 848, 856, 866, 872, 881, 892, 904, 906, 910, 931, 937, 940, 952, 960, 964, 969, 993, 995, 1007 
Re, 6 
ep, 6, 44, 168, 225, 536, 553, 593, 599, 905, 943, 944 
pu, 6, 22, 24, 178, 205, 225, 471, 611, 940, 944 
ub, 6, 66, 142, 205, 225, 297, 359, 408, 421, 455, 592, 611, 653, 811, 826, 939, 970 
bl, 6, 205, 225, 572, 611, 757, 914 
li, 6, 19, 71, 95, 96, 154, 195, 205, 219, 225, 227, 233, 234, 241, 278, 309, 340, 386, 404, 409, 423, 469, 483, 489, 493, 520, 522, 532, 537, 541, 556, 557, 568, 572, 577, 611, 612, 615, 622, 692, 695, 785, 850, 863, 890, 904, 914, 932, 938, 996 
ic, 6, 53, 58, 84, 95, 184, 205, 225, 233, 236, 258, 272, 282, 291, 368, 376, 423, 438, 443, 476, 483, 490, 493, 500, 506, 531, 556, 575, 577, 611, 693, 701, 702, 704, 722, 776, 825, 850, 893, 903, 915, 965, 973, 975 
c, 6, 184, 205, 225, 233, 236, 423, 438, 443, 493, 506, 531, 575, 611, 722, 825, 893, 915, 973, 975 
Ga, 10, 162, 443, 515, 547, 662, 722 
aṇ, 10 
ṇa, 10 
ar, 10, 16, 18, 37, 48, 58, 60, 61, 93, 94, 103, 108, 117, 131, 173, 177, 180, 182, 206, 207, 213, 215, 219, 227, 242, 274, 289, 293, 321, 336, 340, 347, 349, 353, 357, 378, 379, 398, 401, 402, 406, 461, 463, 472, 476, 488, 491, 498, 508, 522, 523, 542, 594, 599, 600, 602, 615, 616, 647, 687, 707, 717, 727, 735, 743, 746, 753, 772, 830, 833, 855, 858, 868, 870, 882, 901, 934, 963, 967, 968, 988, 996, 1003, 1010 
rā, 10 
āj, 10 
jy, 10 
ya, 10, 48, 99, 131, 364, 453, 587, 603, 633, 729, 740, 750, 813, 858, 988 
e, 11, 20, 60, 61, 67, 86, 93, 98, 104, 122, 123, 128, 132, 138, 143, 148, 153, 157, 165, 168, 187, 188, 199, 204, 206, 209, 220, 239, 241, 245, 270, 283, 292, 304, 305, 310, 312, 319, 331, 338, 346, 367, 375, 389, 408, 414, 416, 426, 439, 458, 464, 471, 472, 477, 480, 482, 489, 491, 500, 505, 528, 529, 535, 539, 540, 541, 554, 557, 564, 586, 588, 589, 596, 600, 607, 612, 622, 624, 638, 659, 668, 686, 687, 692, 695, 699, 701, 703, 709, 757, 758, 759, 765, 767, 770, 773, 780, 787, 802, 806, 824, 828, 834, 849, 854, 877, 897, 917, 918, 923, 930, 933, 949, 958, 976, 978, 989, 992, 998, 999, 1000, 1005 
co, 12, 17, 21, 23, 58, 66, 82, 96, 133, 142, 170, 184, 192, 193, 196, 198, 202, 212, 229, 279, 284, 297, 324, 339, 350, 359, 372, 421, 423, 433, 447, 449, 455, 520, 561, 591, 592, 596, 648, 664, 760, 761, 765, 777, 778, 789, 811, 825, 919, 970, 1001 
ou, 12, 13, 17, 22, 23, 24, 27, 30, 33, 36, 109, 129, 196, 276, 278, 284, 309, 339, 344, 350, 355, 390, 392, 398, 467, 485, 508, 532, 590, 595, 598, 601, 628, 640, 688, 727, 743, 747, 754, 830, 844, 847, 873, 880, 907, 926, 928, 983, 987, 1006 
un, 12, 17, 23, 27, 130, 196, 231, 276, 278, 284, 309, 339, 355, 398, 440, 508, 570, 614, 617, 688, 836, 902 
nt, 12, 15, 17, 23, 66, 136, 141, 142, 155, 159, 164, 196, 198, 227, 254, 263, 284, 297, 303, 314, 329, 330, 338, 339, 350, 359, 373, 397, 421, 455, 465, 488, 494, 510, 533, 536, 559, 579, 591, 592, 610, 648, 657, 679, 704, 760, 761, 789, 796, 808, 811, 836, 841, 867, 889, 891, 913, 914, 919, 948, 955, 959, 970, 1001 
tr, 12, 17, 23, 84, 114, 195, 196, 203, 269, 284, 294, 314, 339, 372, 374, 397, 416, 422, 499, 504, 549, 559, 576, 591, 635, 647, 648, 666, 689, 700, 761, 784, 817, 872, 883, 891, 919, 955, 966, 991, 993, 1001 
ry, 12, 17, 23, 99, 136, 141, 159, 196, 219, 227, 284, 303, 339, 453, 488, 510, 562, 579, 587, 603, 834, 889, 898, 948, 996 
y, 12, 17, 23, 25, 34, 53, 70, 94, 115, 133, 136, 141, 147, 159, 170, 180, 194, 196, 201, 215, 219, 227, 237, 240, 242, 284, 286, 294, 300, 303, 317, 329, 330, 332, 339, 349, 356, 382, 385, 411, 419, 461, 488, 498, 510, 562, 577, 579, 618, 636, 650, 700, 707, 716, 760, 774, 777, 781, 789, 813, 857, 879, 889, 898, 903, 905, 913, 924, 934, 943, 948, 971, 986, 996, 997, 1008 
So, 13, 83, 109, 344, 390, 485, 640, 844, 847, 873, 907, 926, 983, 1006 
ut, 13, 30, 33, 36, 45, 109, 129, 203, 280, 344, 390, 485, 547, 595, 601, 628, 640, 727, 743, 747, 754, 844, 847, 873, 907, 926, 983, 1006 
th, 13, 15, 30, 33, 36, 46, 109, 125, 129, 135, 140, 150, 158, 172, 176, 206, 218, 236, 302, 325, 334, 335, 344, 390, 423, 456, 485, 493, 509, 517, 567, 590, 595, 598, 628, 640, 643, 649, 655, 656, 678, 702, 727, 743, 746, 747, 753, 754, 779, 794, 795, 837, 839, 840, 844, 847, 873, 888, 903, 907, 909, 921, 926, 928, 947, 971, 977, 983, 1006 
h, 13, 15, 30, 47, 124, 125, 129, 135, 140, 144, 150, 151, 158, 172, 218, 253, 302, 344, 365, 379, 390, 456, 485, 509, 517, 567, 595, 606, 640, 643, 655, 656, 720, 747, 754, 763, 794, 795, 839, 840, 844, 847, 873, 888, 907, 909, 920, 921, 926, 928, 947, 977, 983, 1002, 1006 
As, 14, 110, 345, 391, 613, 642, 846, 875, 892, 908, 956 
si, 14, 64, 110, 165, 172, 178, 193, 229, 240, 251, 299, 311, 319, 345, 354, 380, 391, 408, 422, 437, 447, 487, 565, 636, 642, 693, 704, 716, 760, 831, 846, 864, 872, 875, 892, 895, 899, 908, 944, 953, 956 
se, 15, 21, 82, 85, 93, 122, 183, 195, 212, 279, 285, 318, 324, 433, 436, 449, 450, 472, 488, 529, 545, 552, 599, 646, 652, 676, 682, 749, 770, 786, 789, 817, 882, 897, 957 
ev, 15, 111, 197, 367, 383, 450, 477, 625, 677, 708, 798, 808, 834, 913, 952 
ve, 15, 56, 117, 122, 155, 197, 201, 226, 240, 247, 262, 304, 383, 450, 451, 528, 533, 625, 636, 716, 808, 834, 871, 877, 906, 913, 930, 950, 985 
en, 15, 35, 66, 73, 76, 89, 103, 106, 136, 141, 142, 155, 159, 164, 168, 200, 220, 227, 254, 263, 278, 297, 300, 303, 309, 324, 329, 330, 338, 359, 367, 373, 397, 400, 408, 410, 421, 449, 455, 467, 477, 480, 488, 494, 510, 533, 536, 540, 559, 570, 579, 592, 610, 614, 629, 636, 654, 657, 674, 679, 683, 699, 739, 760, 789, 793, 796, 806, 808, 811, 819, 836, 841, 889, 891, 913, 914, 948, 955, 958, 959, 964, 970, 980, 987, 1003, 1005 
la, 16, 38, 47, 59, 63, 98, 102, 103, 116, 157, 160, 173, 177, 213, 260, 269, 288, 403, 444, 469, 475, 491, 505, 516, 542, 552, 555, 574, 600, 624, 629, 632, 663, 670, 693, 723, 737, 745, 751, 762, 771, 786, 802, 810, 853, 859, 864, 868, 883, 887, 894, 911, 915, 934, 940, 941, 975, 1003 
rg, 16, 87, 119, 156, 173, 177, 213, 379, 484, 491, 526, 586, 600, 806, 934 
ge, 16, 87, 119, 156, 173, 177, 200, 213, 272, 288, 375, 410, 426, 443, 467, 479, 482, 491, 515, 564, 586, 600, 610, 624, 662, 679, 709, 722, 802, 806, 810, 887, 934, 987 
es, 16, 33, 37, 41, 47, 56, 64, 77, 78, 101, 107, 165, 173, 177, 189, 192, 198, 200, 213, 230, 232, 249, 269, 288, 340, 354, 365, 368, 374, 380, 395, 399, 424, 427, 429, 430, 451, 457, 462, 468, 479, 487, 499, 513, 515, 518, 522, 523, 552, 572, 585, 634, 639, 657, 662, 705, 732, 769, 786, 793, 796, 806, 810, 816, 823, 831, 841, 863, 869, 870, 882, 887, 901, 910, 914, 932, 954, 959 
st, 16, 33, 36, 40, 41, 46, 49, 77, 84, 86, 88, 109, 114, 115, 145, 154, 165, 173, 177, 189, 195, 209, 213, 214, 228, 229, 230, 233, 258, 278, 280, 291, 307, 308, 309, 327, 340, 368, 372, 374, 375, 381, 387, 394, 395, 408, 411, 429, 435, 445, 457, 458, 459, 462, 479, 480, 482, 513, 518, 562, 572, 574, 575, 585, 619, 634, 639, 641, 665, 666, 700, 735, 752, 760, 768, 780, 787, 788, 797, 845, 851, 874, 884, 900, 910, 914, 929, 936, 942, 952, 954, 965, 967, 991 
re, 18, 37, 60, 78, 101, 107, 121, 123, 132, 138, 165, 185, 193, 206, 210, 220, 225, 264, 265, 279, 295, 299, 300, 322, 323, 329, 330, 333, 338, 343, 374, 378, 389, 397, 405, 420, 424, 430, 439, 441, 460, 464, 471, 487, 500, 519, 532, 537, 561, 565, 568, 570, 584, 588, 589, 596, 597, 602, 607, 614, 622, 625, 638, 652, 659, 660, 661, 674, 683, 684, 686, 687, 695, 696, 713, 758, 759, 765, 766, 772, 792, 793, 800, 806, 818, 820, 834, 849, 904, 905, 943, 944, 969, 971, 972, 973, 976, 981, 989, 999 
ea, 18, 29, 32, 36, 46, 49, 51, 109, 206, 207, 208, 299, 320, 340, 347, 349, 378, 460, 465, 475, 498, 546, 565, 567, 571, 602, 625, 651, 652, 660, 661, 707, 728, 735, 736, 744, 758, 772, 800, 820, 833, 905, 912, 943, 963, 972, 980 
bi, 19, 31, 244, 814 
il, 19, 63, 71, 73, 76, 89, 219, 234, 241, 386, 409, 608, 615, 623, 650, 752, 801, 859, 863, 994, 996 
ll, 19, 70, 73, 75, 76, 89, 126, 181, 200, 260, 294, 382, 385, 497, 512, 550, 577, 591, 697, 745, 752, 815, 827, 878, 913 
io, 19, 71, 84, 96, 121, 154, 164, 202, 203, 210, 222, 231, 260, 280, 289, 290, 294, 323, 368, 372, 386, 409, 413, 417, 420, 422, 434, 441, 448, 454, 463, 470, 473, 478, 484, 487, 496, 501, 504, 507, 519, 527, 532, 537, 568, 570, 576, 597, 614, 653, 666, 667, 677, 713, 756, 766, 784, 792, 798, 830, 838, 872, 904, 940, 952, 960, 969, 981, 993 
on, 19, 21, 64, 66, 71, 84, 96, 121, 133, 142, 154, 164, 170, 184, 188, 192, 193, 198, 202, 203, 208, 210, 212, 221, 222, 229, 231, 260, 276, 280, 289, 290, 294, 297, 323, 350, 359, 368, 372, 386, 409, 413, 420, 421, 422, 425, 427, 441, 447, 454, 455, 470, 484, 487, 494, 501, 504, 519, 520, 523, 527, 530, 537, 556, 568, 570, 573, 575, 576, 591, 592, 597, 601, 614, 648, 653, 666, 667, 677, 689, 690, 700, 713, 760, 761, 764, 766, 777, 783, 784, 789, 792, 798, 811, 817, 825, 838, 872, 904, 919, 937, 940, 945, 952, 960, 969, 970, 981, 991, 993, 995, 1001, 1009 
pe, 20, 103, 168, 220, 260, 270, 373, 378, 383, 417, 434, 442, 448, 465, 468, 473, 478, 496, 507, 536, 629, 756, 769, 833, 905, 943, 1003 
eo, 20, 270, 272, 350, 468, 476, 769 
op, 20, 22, 24, 270, 370, 383, 468, 749, 769, 808, 940 
pl, 20, 98, 233, 270, 377, 468, 542, 664, 769, 816, 828, 911 
le, 20, 70, 73, 76, 89, 104, 148, 153, 164, 166, 200, 207, 254, 270, 310, 385, 468, 554, 591, 630, 651, 664, 684, 719, 730, 755, 757, 769, 772, 805, 816, 828, 912, 935, 961, 963 
ec, 21, 133, 170, 184, 187, 192, 212, 243, 279, 474, 535, 561, 668, 684, 687, 731, 777, 824, 825, 842, 854, 939, 997 
d, 21, 26, 27, 38, 63, 72, 79, 82, 85, 87, 106, 117, 119, 130, 134, 139, 149, 156, 163, 166, 171, 176, 183, 193, 195, 212, 216, 226, 243, 247, 250, 252, 256, 265, 276, 279, 285, 295, 298, 301, 314, 318, 321, 324, 355, 369, 378, 383, 392, 397, 398, 406, 410, 417, 422, 431, 433, 434, 436, 448, 449, 460, 466, 473, 478, 490, 496, 507, 508, 520, 545, 549, 561, 569, 572, 578, 583, 584, 591, 599, 609, 630, 635, 646, 652, 660, 674, 676, 684, 688, 696, 712, 719, 725, 726, 728, 733, 734, 736, 741, 742, 744, 749, 756, 764, 771, 772, 778, 800, 803, 805, 817, 852, 859, 871, 902, 950, 953, 963, 985 
po, 22, 24, 82, 95, 179, 201, 208, 211, 350, 433, 437, 483, 749, 850, 852, 940, 995 
ul, 22, 24, 103, 107, 123, 128, 148, 153, 234, 235, 376, 389, 424, 439, 500, 629, 630, 686, 715, 719, 730, 755, 776, 785, 849, 917, 918, 933, 940, 944, 949, 976, 978, 998, 1003 
lo, 22, 24, 75, 181, 259, 381, 383, 392, 476, 550, 573, 685, 696, 808, 997, 1009 
us, 22, 24, 69, 195, 248, 253, 261, 271, 285, 307, 318, 350, 377, 384, 411, 467, 532, 601, 830, 890, 895, 938, 942, 987 
s, 22, 24, 37, 39, 56, 59, 69, 78, 96, 101, 105, 107, 185, 192, 198, 200, 208, 217, 222, 229, 230, 232, 244, 248, 249, 261, 264, 266, 269, 271, 288, 289, 316, 343, 347, 350, 354, 357, 363, 370, 371, 374, 377, 380, 384, 399, 407, 412, 420, 424, 427, 428, 430, 435, 445, 451, 462, 463, 465, 467, 468, 470, 479, 494, 499, 502, 504, 513, 514, 515, 519, 522, 523, 525, 532, 533, 537, 546, 550, 552, 555, 560, 568, 576, 585, 597, 601, 602, 604, 625, 631, 632, 633, 634, 657, 662, 672, 673, 689, 702, 705, 714, 727, 735, 740, 743, 745, 750, 751, 762, 769, 786, 793, 796, 799, 810, 816, 819, 821, 823, 826, 829, 830, 831, 841, 842, 851, 853, 860, 863, 867, 868, 869, 870, 875, 882, 886, 887, 894, 901, 911, 925, 932, 941, 942, 946, 959, 962, 965, 966, 967, 968, 982, 987, 1010 
de, 25, 27, 39, 47, 62, 77, 134, 168, 193, 204, 224, 247, 290, 317, 365, 367, 383, 414, 416, 429, 447, 466, 477, 488, 536, 561, 571, 609, 635, 669, 677, 703, 712, 728, 736, 744, 798, 808, 809, 836, 856, 946, 952, 966 
em, 25, 87, 101, 119, 155, 156, 228, 343, 350, 459, 526, 533, 542, 586, 589, 607, 610, 665, 679, 702, 725, 733, 741, 759, 788, 816, 828, 851, 882, 999 
mo, 25, 155, 221, 290, 494, 523, 533, 575, 601, 669, 690, 778, 809, 856 
oc, 25, 79, 83, 237, 259, 352, 362, 381, 431, 470, 551, 618, 781, 1008 
cr, 25, 78, 299, 370, 412, 430, 460, 503, 565, 652, 660, 758, 800, 972, 973 
ac, 25, 98, 199, 499, 546, 549, 618, 778, 990 
cy, 25, 300, 618 
wo, 26, 171, 216, 252, 256, 534, 654 
or, 26, 39, 46, 62, 114, 125, 171, 185, 191, 202, 216, 232, 249, 252, 256, 258, 291, 325, 335, 350, 375, 407, 435, 445, 456, 463, 484, 517, 521, 561, 562, 596, 643, 653, 732, 765, 768, 852, 897, 909, 921, 925, 977 
rl, 26, 94, 171, 216, 227, 340, 349, 707 
ld, 26, 56, 77, 171, 216, 241, 250, 429, 569, 608, 962, 994 
Bo, 27 
ed, 27, 79, 82, 85, 87, 106, 111, 117, 119, 130, 134, 156, 163, 166, 183, 193, 195, 224, 226, 243, 247, 265, 276, 279, 285, 295, 298, 314, 318, 321, 324, 378, 383, 392, 397, 406, 410, 422, 428, 431, 433, 436, 438, 449, 460, 466, 488, 490, 506, 520, 531, 545, 549, 561, 572, 583, 584, 591, 599, 609, 630, 635, 646, 652, 660, 674, 676, 684, 696, 701, 708, 712, 719, 725, 728, 733, 736, 741, 744, 749, 772, 778, 800, 803, 805, 817, 852, 871, 902, 905, 943, 950, 953, 963, 985 
an, 28, 29, 31, 38, 40, 45, 47, 48, 50, 51, 55, 57, 59, 63, 65, 68, 81, 114, 115, 128, 131, 134, 147, 162, 165, 169, 214, 217, 251, 255, 263, 266, 269, 286, 287, 288, 296, 307, 311, 320, 327, 342, 350, 351, 356, 358, 371, 373, 381, 388, 394, 404, 415, 419, 422, 435, 436, 443, 445, 453, 465, 474, 484, 502, 515, 525, 527, 566, 583, 587, 603, 610, 621, 624, 633, 637, 662, 671, 679, 681, 691, 694, 698, 704, 705, 706, 718, 722, 726, 731, 734, 742, 750, 762, 771, 790, 802, 810, 812, 832, 837, 838, 848, 853, 858, 859, 866, 867, 872, 875, 879, 881, 883, 887, 892, 894, 906, 917, 918, 924, 931, 933, 949, 968, 978, 988, 998, 1007 
Oc, 29, 51 
ce, 29, 51, 98, 106, 136, 141, 159, 165, 168, 199, 276, 303, 314, 319, 367, 408, 477, 480, 499, 510, 540, 553, 559, 579, 584, 593, 657, 699, 705, 732, 793, 796, 806, 841, 889, 948, 958, 959, 1005 
Ar, 31, 453 
ab, 31, 244, 440, 469, 572, 757, 914 
Se, 32 
hw, 33, 727, 743 
we, 33, 41, 179, 197, 208, 211, 395, 457, 497, 518, 550, 567, 674, 685, 696, 697, 827, 836, 878, 910, 980 
Ba, 34, 47, 381 
ay, 34, 131, 332, 774, 857, 864, 925, 986, 988 
Be, 35, 739 
ng, 35, 47, 75, 105, 120, 178, 181, 190, 200, 214, 221, 234, 288, 299, 320, 322, 360, 404, 405, 410, 415, 443, 469, 495, 515, 526, 546, 553, 556, 560, 565, 573, 574, 581, 593, 604, 608, 617, 621, 624, 651, 662, 672, 685, 690, 714, 722, 738, 739, 775, 785, 802, 810, 880, 883, 887, 895, 899, 912, 944, 945, 957, 961, 972, 979, 980, 982, 990, 991, 994, 1009 
ga, 35, 81, 131, 298, 379, 404, 410, 484, 493, 501, 522, 528, 582, 621, 681, 739, 790, 832, 988 
l, 35, 44, 83, 95, 111, 126, 137, 174, 210, 224, 234, 258, 259, 272, 282, 291, 376, 450, 476, 483, 497, 512, 551, 559, 571, 623, 647, 648, 669, 680, 683, 693, 697, 708, 713, 715, 739, 752, 761, 768, 776, 784, 792, 798, 801, 815, 822, 827, 850, 878, 891, 919, 945, 955, 981, 1001 
he, 36, 46, 109, 206, 325, 334, 335, 363, 392, 400, 569, 572, 628, 631, 678, 702, 746, 753, 834, 837, 971 
as, 36, 46, 49, 79, 85, 86, 109, 114, 145, 178, 183, 189, 299, 324, 428, 431, 449, 458, 465, 525, 545, 552, 555, 565, 574, 575, 602, 631, 632, 633, 634, 641, 646, 652, 673, 676, 682, 693, 700, 735, 740, 745, 750, 751, 768, 780, 786, 787, 845, 874, 900, 936, 952 
sh, 37, 47, 60, 144, 151, 253, 293, 363, 365, 392, 572, 613, 717, 791, 914 
ha, 37, 60, 63, 137, 161, 178, 200, 244, 274, 293, 316, 423, 476, 525, 543, 548, 558, 582, 620, 647, 717, 729, 740, 859, 867, 992 
bo, 39, 62, 653, 861 
rd, 39, 62, 72, 176, 252, 256, 561, 578, 653, 727, 735, 743, 1010 
er, 39, 62, 87, 102, 112, 119, 122, 156, 160, 179, 193, 197, 201, 211, 224, 226, 232, 240, 247, 251, 262, 265, 273, 290, 295, 311, 322, 325, 333, 334, 335, 363, 373, 395, 417, 434, 442, 447, 448, 450, 461, 473, 478, 492, 496, 507, 518, 526, 550, 586, 609, 622, 628, 631, 646, 661, 670, 678, 682, 685, 695, 696, 716, 730, 746, 753, 755, 756, 793, 809, 821, 834, 836, 837, 856, 867, 906, 910, 946, 962, 966, 971, 1010 
rs, 39, 88, 122, 240, 251, 293, 311, 347, 363, 387, 463, 550, 716, 717, 797, 821, 868, 897, 929, 946, 962, 966 
Pa, 40, 327, 394, 633, 737, 745, 750 
ak, 40, 327, 394, 773, 923, 980 
ki, 40, 327, 394, 581, 604, 672, 714, 738, 982 
is, 40, 71, 80, 91, 92, 113, 114, 115, 118, 144, 151, 154, 165, 195, 229, 233, 258, 278, 279, 290, 291, 309, 327, 381, 386, 392, 394, 408, 432, 435, 445, 480, 484, 527, 529, 538, 544, 562, 572, 615, 619, 645, 666, 675, 760, 807, 817, 838, 872, 884, 899, 914, 930, 953, 967, 968 
ta, 40, 45, 100, 128, 165, 209, 214, 219, 227, 230, 244, 293, 307, 308, 327, 381, 394, 482, 488, 502, 513, 547, 572, 585, 615, 658, 667, 673, 803, 822, 914, 917, 918, 933, 949, 952, 978, 996, 998 
f, 42 
Ch, 43, 115, 423, 631, 632, 729, 740, 751 
hi, 43, 91, 118, 127, 162, 176, 258, 272, 291, 361, 381, 423, 435, 445, 461, 481, 493, 514, 522, 523, 544, 546, 562, 619, 649, 687, 779, 863, 884, 916 
in, 43, 53, 66, 75, 80, 92, 103, 105, 106, 120, 142, 168, 174, 178, 181, 190, 195, 198, 204, 214, 234, 249, 253, 257, 297, 298, 299, 307, 314, 319, 320, 322, 343, 359, 360, 405, 415, 421, 432, 444, 455, 467, 469, 490, 495, 516, 526, 536, 538, 540, 546, 553, 556, 560, 565, 574, 581, 592, 593, 604, 608, 609, 629, 645, 649, 651, 652, 653, 663, 666, 672, 675, 685, 701, 712, 714, 723, 738, 775, 779, 785, 807, 811, 863, 871, 877, 880, 882, 883, 885, 895, 899, 911, 912, 944, 957, 961, 970, 972, 979, 980, 982, 987, 990, 994, 1003, 1005 
na, 43, 128, 131, 154, 174, 204, 210, 222, 245, 249, 283, 292, 294, 304, 305, 312, 331, 436, 523, 525, 575, 610, 634, 653, 679, 713, 718, 784, 792, 798, 862, 882, 917, 918, 933, 949, 978, 981, 988, 998 
Ne, 44, 349 
pa, 44, 134, 147, 180, 227, 324, 336, 357, 402, 449, 470, 525, 599, 647, 689, 726, 734, 742, 768, 817, 855, 985 
hu, 45, 257, 342, 351, 826 
rt, 46, 125, 201, 325, 335, 336, 353, 357, 456, 517, 643, 646, 682, 746, 753, 852, 855, 909, 921, 967, 968, 977 
gl, 47 
ad, 47, 120, 204, 294, 364, 365, 382, 416, 504, 525, 576, 582, 618, 635, 651, 666, 703, 705, 784, 893, 912, 966, 993 
My, 48, 858 
nm, 48, 858 
ma, 48, 57, 61, 161, 182, 191, 203, 286, 332, 342, 343, 351, 356, 371, 373, 419, 512, 521, 525, 547, 610, 620, 637, 679, 702, 703, 773, 815, 858, 879, 893, 923, 924 
r, 48, 58, 62, 102, 103, 108, 160, 179, 191, 197, 207, 211, 262, 333, 334, 442, 447, 492, 521, 542, 594, 616, 661, 670, 678, 730, 732, 746, 753, 755, 833, 837, 858, 1003 
vi, 53, 71, 164, 367, 386, 403, 409, 477, 543, 953, 992 
ci, 53, 79, 83, 237, 263, 282, 399, 409, 431, 551, 570, 614, 699, 701, 781, 819, 823, 903, 990, 1008 
ni, 53, 73, 76, 89, 92, 103, 114, 115, 130, 231, 236, 279, 290, 320, 371, 484, 527, 538, 556, 560, 629, 666, 704, 817, 838, 877, 880, 902, 903, 980, 1003 
it, 53, 61, 95, 115, 130, 144, 151, 180, 203, 219, 220, 232, 240, 244, 255, 280, 294, 334, 354, 380, 399, 422, 423, 437, 483, 493, 504, 576, 577, 615, 622, 649, 680, 687, 692, 694, 695, 716, 779, 784, 803, 819, 822, 823, 850, 877, 902, 903, 932, 953, 992, 993, 996 
ty, 53, 115, 180, 201, 237, 240, 242, 329, 716, 781, 813, 903, 1008 
Sr, 54 
ri, 54, 61, 78, 114, 115, 117, 144, 151, 180, 195, 203, 232, 242, 247, 249, 255, 258, 289, 291, 321, 322, 376, 392, 406, 417, 430, 434, 435, 445, 448, 462, 463, 473, 478, 496, 500, 501, 507, 529, 615, 647, 657, 680, 685, 694, 756, 776, 796, 830, 841, 882, 959 
i, 54, 127, 162, 235, 267, 916 
La, 55, 860 
nk, 55, 217, 502 
ka, 55, 361, 613 
Ma, 56, 99, 161, 364, 543, 582, 587, 603, 864 
iv, 56, 71, 117, 122, 240, 247, 254, 262, 304, 386, 409, 636, 716, 877, 930, 992 
An, 57 
da, 57, 96, 113, 346, 401, 428, 495, 520, 525, 778, 857 
am, 57, 116, 143, 187, 221, 227, 245, 283, 292, 305, 312, 331, 535, 539, 547, 620, 621, 623, 650, 668, 690, 801, 824, 854, 861, 862, 915, 975, 1000 
Ni, 58 
ob, 58, 411 
ba, 58, 68, 85, 183, 388, 404, 527, 545, 566, 676, 691, 838 
Is, 59, 116, 915, 975 
sl, 59, 116, 269, 883, 890, 915, 938, 975 
ds, 59, 727, 735, 743, 762, 853, 1010 
ti, 61, 66, 71, 84, 95, 96, 115, 142, 144, 151, 154, 198, 202, 203, 222, 233, 234, 235, 260, 280, 289, 290, 294, 297, 304, 329, 338, 359, 368, 372, 386, 399, 409, 413, 421, 422, 443, 454, 455, 470, 483, 484, 495, 501, 504, 527, 553, 570, 574, 575, 576, 577, 592, 593, 614, 634, 653, 666, 667, 677, 702, 722, 752, 767, 784, 798, 811, 819, 823, 838, 850, 869, 877, 883, 930, 940, 952, 957, 960, 965, 967, 968, 970, 972, 973, 993 
im, 61, 361, 371, 471, 767, 803, 869, 890, 938 
me, 61, 67, 87, 111, 119, 143, 155, 156, 187, 227, 239, 245, 283, 292, 305, 312, 320, 331, 368, 493, 494, 526, 533, 535, 539, 586, 610, 654, 668, 679, 701, 708, 767, 808, 824, 854, 867, 869, 914, 964, 1000 
Th, 63, 859 
ai, 63, 92, 113, 298, 343, 444, 516, 538, 663, 723, 859, 899, 911, 946, 979, 992 
do, 64, 105, 267, 368, 452, 481, 514, 581, 672, 714, 721, 974, 982 
ne, 64, 66, 142, 188, 194, 226, 297, 298, 350, 359, 373, 421, 422, 427, 455, 498, 540, 583, 592, 609, 674, 683, 701, 712, 782, 811, 863, 958, 963, 970 
su, 66, 103, 142, 297, 359, 377, 408, 421, 455, 479, 592, 629, 653, 732, 806, 811, 918, 933, 939, 949, 970, 978, 998, 1003 
bc, 66, 142, 297, 359, 421, 455, 592, 811, 970 
ho, 67, 239, 403, 590, 598, 613, 632, 751, 770, 791, 868, 897, 928 
om, 67, 82, 105, 133, 147, 170, 174, 184, 192, 239, 324, 368, 433, 449, 481, 514, 540, 581, 601, 637, 654, 664, 672, 700, 714, 777, 778, 825, 869, 893, 942, 982 
ur, 68, 78, 99, 107, 123, 136, 141, 159, 178, 220, 233, 300, 303, 330, 374, 376, 377, 388, 389, 392, 424, 430, 439, 471, 500, 510, 527, 566, 579, 587, 603, 622, 657, 686, 687, 691, 695, 715, 748, 776, 796, 806, 838, 841, 849, 880, 889, 948, 959, 976 
rb, 68, 388, 498, 527, 566, 691, 838 
du, 69, 80, 195, 248, 253, 261, 271, 307, 314, 382, 384, 413, 432, 584, 645, 675, 807, 885 
Va, 70, 385 
ey, 70, 385, 764 
Ci, 71, 386 
sa, 71, 290, 386, 465, 484, 527, 838, 950, 968 
mi, 73, 76, 89, 139, 149, 174, 184, 192, 219, 301, 454, 540, 554, 609, 615, 623, 650, 666, 801, 803, 825, 870, 872, 882, 901, 915, 960, 975, 996 
nn, 73, 76, 89, 560, 583, 718 
iu, 73, 76, 89 
um, 73, 76, 89, 342, 351, 492, 494, 821 
m, 73, 76, 80, 89, 91, 92, 113, 114, 116, 118, 228, 273, 432, 459, 481, 538, 544, 581, 615, 621, 645, 665, 675, 788, 807, 862, 890, 938 
BC, 74, 90, 366, 393, 418, 511, 580, 626 
CE, 74, 90, 366, 393, 418, 511, 580, 626, 627, 710, 711, 724 
E, 74, 90, 366, 393, 418, 511, 580, 626, 627, 710, 711, 724 
fo, 75, 185, 355, 369, 407, 550, 688, 925 
ol, 75, 77, 95, 96, 164, 181, 403, 423, 429, 476, 483, 520, 522, 550, 577, 591, 632, 648, 751, 761, 850, 868, 871, 919, 945, 962, 997, 1001 
wi, 75, 181, 190, 241, 317, 414, 649, 775, 779, 896 
g, 75, 120, 178, 181, 190, 214, 221, 299, 320, 322, 360, 405, 415, 469, 495, 526, 553, 556, 565, 573, 574, 593, 608, 617, 651, 685, 690, 738, 775, 785, 814, 880, 883, 895, 899, 912, 944, 957, 961, 972, 979, 980, 990, 991, 994, 1009 
sc, 78, 430, 686, 699, 868, 958 
ip, 78, 430, 863 
pt, 78, 100, 202, 430, 553, 593, 658, 673, 686, 725, 733, 741, 930 
tu, 78, 107, 123, 136, 141, 159, 220, 280, 303, 374, 376, 389, 424, 430, 439, 500, 510, 579, 622, 657, 680, 686, 687, 695, 715, 748, 776, 796, 841, 849, 889, 913, 948, 959, 976 
ss, 79, 324, 431, 449, 487, 552, 555, 646, 682, 693, 732, 786, 872 
te, 79, 86, 102, 128, 130, 157, 160, 163, 189, 204, 209, 228, 230, 232, 243, 249, 269, 273, 278, 309, 346, 350, 354, 363, 380, 395, 408, 431, 458, 459, 460, 475, 480, 490, 505, 513, 518, 520, 546, 549, 585, 599, 609, 622, 636, 646, 660, 661, 665, 670, 684, 687, 692, 695, 725, 728, 733, 736, 741, 744, 758, 760, 778, 780, 787, 788, 800, 803, 816, 851, 852, 886, 902, 905, 910, 917, 918, 932, 933, 943, 949, 953, 978, 992, 997, 998, 1010 
Hi, 80, 253, 307, 432, 645, 675, 807, 885 
ui, 80, 254, 432, 608, 645, 675, 807, 994 
sm, 80, 91, 92, 113, 114, 118, 432, 512, 538, 544, 615, 645, 675, 807, 815, 872 
be, 81, 187, 361, 469, 492, 535, 560, 668, 681, 764, 790, 821, 824, 832, 854 
eg, 81, 121, 210, 323, 420, 441, 493, 519, 560, 597, 681, 713, 766, 790, 792, 832, 969, 981 
mp, 82, 101, 132, 138, 147, 324, 350, 433, 449, 471, 542, 588, 589, 607, 638, 659, 664, 725, 733, 741, 759, 816, 828, 989, 999 
os, 82, 93, 433, 437, 472, 749, 770, 860 
if, 84, 218, 241, 489, 541, 557, 612, 704, 793, 896 
fi, 84, 88, 218, 282, 387, 704, 712, 797, 929 
ca, 84, 86, 95, 143, 187, 206, 258, 259, 272, 291, 368, 458, 474, 476, 483, 490, 535, 539, 577, 618, 668, 693, 704, 731, 780, 787, 822, 824, 850, 854, 898, 1000 
ir, 88, 101, 132, 138, 176, 329, 338, 387, 403, 501, 543, 588, 589, 607, 638, 659, 759, 797, 929, 989, 999 
Bu, 91, 544, 548, 558, 619, 884 
ud, 91, 113, 360, 466, 544, 548, 558, 619, 884 
dd, 91, 104, 120, 310, 544, 548, 554, 558, 619, 884 
dh, 91, 162, 257, 364, 544, 548, 558, 582, 619, 620, 884 
Ja, 92, 538, 865 
ro, 93, 114, 152, 190, 243, 276, 314, 352, 362, 370, 398, 401, 411, 413, 425, 472, 487, 508, 540, 556, 591, 648, 689, 700, 761, 775, 813, 817, 919, 991, 1001 
Ea, 94, 145, 641, 845, 874 
ly, 94, 194, 294, 317, 330, 349, 382, 405, 411, 436, 577, 636, 650, 707, 760, 789, 905, 913, 934, 943 
ns, 96, 103, 193, 208, 222, 229, 255, 266, 269, 280, 289, 343, 372, 420, 422, 435, 445, 447, 470, 504, 519, 520, 537, 568, 576, 597, 629, 636, 689, 694, 760, 789, 799, 819, 829, 872, 875, 883, 894, 911, 968, 1003 
id, 96, 104, 139, 149, 193, 301, 310, 317, 367, 414, 447, 477, 520, 554, 571, 946, 979 
to, 97, 232, 258, 291, 375, 435, 445, 562, 601, 768, 829, 876, 942 
oo, 97, 369, 876 
ok, 97, 613, 876 
k, 97, 352, 362, 876 
au, 99, 475, 547, 587, 601, 603, 718 
Gu, 100, 658, 673 
up, 100, 202, 442, 470, 658, 673, 930, 995 
pi, 101, 132, 138, 588, 589, 607, 638, 659, 759, 822, 863, 989, 999 
Mi, 104, 310 
dl, 104, 241, 278, 309, 310, 554, 905, 943 
Ki, 105 
gd, 105, 581, 672, 714, 982 
ms, 105, 185, 407, 514, 672, 714, 851, 942, 982 
nf, 106, 1005 
fl, 106, 392, 617, 684, 685, 696, 961, 1005 
lu, 106, 233, 360, 377, 466, 617, 729, 740, 1005 
ue, 106, 198, 789, 1005 
nc, 106, 165, 168, 263, 276, 299, 300, 319, 324, 360, 367, 408, 449, 477, 480, 540, 565, 570, 614, 652, 699, 705, 793, 806, 973, 1005 
cu, 107, 123, 300, 376, 389, 424, 439, 470, 500, 686, 715, 776, 849, 942, 976 
lt, 107, 123, 128, 206, 234, 235, 363, 376, 389, 424, 439, 500, 567, 715, 776, 813, 843, 849, 917, 918, 928, 933, 949, 976, 978, 998 
fa, 108, 189, 199, 594, 616, 650, 746, 753 
ie, 111, 192, 232, 237, 242, 263, 321, 340, 399, 406, 461, 462, 481, 514, 522, 523, 634, 657, 699, 708, 781, 796, 823, 841, 862, 870, 882, 901, 959, 962, 1008 
va, 111, 242, 254, 289, 293, 321, 406, 705, 708, 745, 830, 865, 898, 900, 936, 952 
Ju, 113 
Zo, 114 
oa, 114 
hr, 115, 379, 556 
rr, 117, 202, 232, 265, 295, 300, 322, 330, 463, 501, 906 
Si, 118, 257 
ik, 118 
kh, 118 
gi, 121, 210, 249, 323, 415, 420, 441, 476, 519, 526, 532, 537, 560, 568, 597, 713, 766, 792, 904, 969, 981 
Mu, 124, 137, 316, 890, 938 
uc, 124, 207, 314, 372, 374, 413, 584, 606, 720, 732, 763, 920, 1002 
ch, 124, 178, 200, 381, 461, 476, 481, 514, 522, 523, 546, 556, 606, 647, 687, 720, 763, 867, 868, 920, 997, 1002 
fe, 126, 224, 241, 265, 295, 322, 333, 489, 541, 557, 612, 728, 736, 744, 793, 842, 843 
el, 126, 127, 260, 317, 363, 383, 405, 469, 497, 532, 537, 568, 569, 636, 669, 692, 697, 808, 827, 843, 878, 904, 916, 932, 934 
De, 127, 474, 731, 916 
lh, 127, 916 
Su, 128, 917 
Vi, 131, 862, 988 
ij, 131, 988 
ja, 131, 440, 525, 988 
ag, 131, 288, 348, 375, 376, 410, 482, 500, 564, 582, 610, 624, 679, 709, 776, 802, 810, 887, 988 
Em, 132, 138, 588, 638, 659, 989, 990 
my, 133, 170, 215, 700, 777, 965 
ex, 134, 220, 466, 480, 542, 553, 583, 593, 636, 664, 726, 734, 742, 852, 886 
xp, 134, 220, 726, 734, 742, 852 
ug, 137, 316, 479, 590, 598, 928 
gh, 137, 316, 590, 598, 928 
Br, 144, 151 
Co, 147, 280 
ny, 147, 286, 356, 419, 879, 924 
ru, 148, 153, 202, 372, 374, 630, 719, 730, 755, 785, 930 
Cr, 152 
ov, 155, 201, 226, 533, 906 
ah, 161, 525, 543 
tm, 161 
ot, 163, 243, 677, 798, 837 
nv, 164, 871 
ix, 172 
xt, 172, 636, 886 
GD, 175 
DP, 175 
P, 175 
rc, 178, 461, 476, 522, 523, 647, 687, 867 
Fo, 181 
rk, 182 
ke, 182, 773, 923, 980 
et, 182, 236, 237, 242, 329, 361, 443, 609, 722, 781, 862, 869, 903, 957, 973, 1008 
ef, 185, 265, 295, 322, 333, 481, 514, 684, 712, 728, 736, 744, 842, 935 
rm, 185, 215, 273, 373, 407, 609, 870, 901 
gr, 190, 272, 376, 382, 454, 487, 500, 661, 775, 776, 820, 960 
aj, 191, 521, 525 
jo, 191, 400, 521, 880 
ew, 194, 674, 683, 782, 818 
wl, 194 
Ho, 197 
nu, 198, 203, 207, 492, 494, 570, 614, 821 
ln, 203 
eq, 204, 254, 789 
qu, 204, 254, 789 
ua, 204, 234, 288, 382, 624, 680, 802, 810, 887, 913 
hc, 206 
cl, 207, 360, 466, 552, 555, 556, 772, 786, 894 
ap, 208, 260, 272, 378, 402, 525, 822, 833 
ks, 217, 264, 502 
ft, 218, 412, 503, 896, 935, 1010 
go, 226, 348, 945 
rn, 226, 290, 325, 335, 395, 518, 628, 748, 809, 856, 880, 910, 963 
sy, 228, 459, 665, 788, 851, 973 
ys, 228, 436, 459, 665, 788, 851, 864, 925, 965 
ts, 229, 244, 357, 412, 462, 465, 479, 494, 533, 842, 867, 886, 967 
mu, 234, 235, 606, 720, 763, 920, 1002 
gu, 234, 288, 624, 802, 810, 887 
hn, 236, 903, 997 
pr, 243, 276, 413, 462, 487, 540 
ct, 243, 372, 374, 413, 549, 684, 687, 842, 939 
ig, 249, 454, 467, 501, 522, 532, 537, 568, 704, 814, 904, 960, 987 
Ol, 250 
Pe, 251, 311 
Sa, 255, 621, 694 
sk, 255, 694 
kr, 255, 694 
u, 257, 475, 885 
pp, 260, 378, 402, 442, 749, 833, 863 
Ri, 262 
Gr, 264 
ee, 264, 464, 961 
ek, 264 
oi, 267 
Ἰν, 268 
νδ, 268 
δο, 268 
οί, 268 
ί, 268 
og, 272, 279, 476, 487, 997 
ph, 272 
ˈb, 277 
bʱ, 277 
ʱa, 277 
aː, 277, 308 
ːɾ, 277 
ɾə, 277 
ət, 277 
gn, 279, 704 
of, 282 
ff, 282, 793, 842 
od, 290, 314, 369, 413, 417, 434, 448, 473, 478, 496, 507, 669, 756, 778, 809, 856, 861 
av, 293, 403, 451, 528, 543, 745, 865, 898, 950, 985 
ɦɪ, 308 
ɪn, 308 
dʊ, 308 
ʊˈ, 308 
ˈs, 308 
ːn, 308 
Cu, 330 
tl, 330, 411, 760, 789 
ei, 334, 961 
ye, 347 
ck, 352, 362 
mb, 361, 492, 821, 861, 990 
tk, 361 
hy, 364, 461, 799 
Pr, 365 
ps, 370 
rp, 377 
Me, 379 
eh, 379 
rh, 379 
Ce, 397, 891, 955 
Mo, 400, 945 
oh, 400 
nj, 400, 440 
Ha, 402, 717 
Dh, 403 
Ka, 404, 718 
ib, 404 
yi, 405 
bs, 408, 826 
iz, 409, 819, 831 
za, 409 
bu, 411, 608, 994 
af, 412, 503, 1010 
lc, 423 
Ir, 425 
Ag, 426 
Ve, 428, 438, 506, 531 
Pu, 440 
b, 440 
Pl, 444, 475, 516, 663, 723 
wa, 451, 463, 683, 727, 735, 743, 774, 986, 1010 
fr, 464 
xc, 466, 553, 593 
cc, 470, 474, 731, 732, 778 
ae, 476 
gg, 479 
xi, 480 
fd, 481, 514 
by, 498, 971 
tw, 534, 735 
xe, 542, 583 
gs, 546, 560, 604 
tt, 549, 725, 733, 741, 957 
Po, 577 
ht, 590, 598 
dv, 618, 705 
vo, 618, 677, 798, 871 
mm, 620, 778 
Ta, 623, 801 
dy, 633, 634, 750 
yn, 634, 973 
Ro, 637 
We, 639, 954 
No, 643, 921 
x, 664 
dm, 666 
ax, 667 
xa, 667 
lp, 686 
Cl, 693 
cs, 702, 965 
uj, 718 
j, 718 
uk, 729, 740 
ky, 729, 740 
yo, 764 
wh, 770, 834 
w, 782, 791, 818 
ym, 799 
mn, 799 
pm, 808 
oy, 813 
dr, 818 
ze, 819, 831 
Te, 828 
yw, 834 
rw, 836, 1010 
ao, 860 
Ca, 861 
tn, 862 
Ph, 863 
lv, 871 
oj, 880 
sw, 896 
lr, 898 
hm, 914 
Al, 928 
sr, 930 
bj, 939 
je, 939 
aw, 941 
ws, 941 
eb, 971 
br, 990 
Sh, 992 
gy, 997 
